{"subject":"BANK E vs. CGML : Portfolio Statement","content":"Hi,\r\n\r\nwe agree and call USD 15.8 Mio.\r\n\r\nTrade Date:                  09 Nov 2018\r\nSettle Date:                  13 Nov 2018\r\n\r\nPlease advise your delivery.\r\n\r\nThanks and regards\r\nXxxxx\r\n\r\n-----Original Message-----\r\nFrom: *xx xx xxxxxxxx <xxxxxxxxxx@xxxx.xx> \r\nSent: Friday, November 9, 2018 10:04 AM\r\nTo: xx xx <xx.xx@xxx.xx>; xxxxxxxxx <xxxxxxxx@xxx.xx>; xxxxxxx@xxx.xx\r\nCc: xxxxxxxxxx.xxxx@xxx.xxxx\r\nSubject: BANK E vs. CGML : Portfolio Statement\r\n\r\n","from":"gm22891@imceu.eu.ssmb.com Mcclafferty, Gary [ICG-IT]","to":"Mcclafferty, Gary [ICG-IT] <gm22891@imceu.eu.ssmb.com>","attachments":[]}