{"subject":"CITIGROUP MARGIN CALL - Client E","content":" \r\n\r\nHello Team,\r\n\r\n \r\n\r\nplease find attached a call for Client E\r\n\r\n \r\n\r\n \r\n\r\nMTM (our perspective)\r\n\r\n\tEUR\r\n\r\n\t254.385,00\r\n\r\n\t\r\nCollateral Posted \r\n\r\n\tEUR\r\n\r\n\t0,00\r\n\r\n\t\r\nNet Requirement\r\n\r\n\tEUR\r\n\r\n\t254.385\r\n\r\n\t\r\nRounding\r\n\r\n\tEUR\r\n\r\n\t10.000\r\n\r\n\t\r\n \r\n\r\n\t \r\n\r\n\t \r\n\r\n\t\r\nMARGIN CALL to Return\r\n\r\n\tEUR\r\n\r\n\t260.000\r\n\r\n\t\r\nMARGIN CALL to Deliver\r\n\r\n\tEUR\r\n\r\n\t\t\r\nTotal\r\n\r\n\tEUR\r\n\r\n\t260.000\r\n\r\n\t\r\n\r\n \r\n\r\n \r\n\r\n \r\n\r\n \r\n\r\nTherefore, we ask you to deliver/return EUR 260,000   for value date 09/11/2018.\r\n\r\n \r\n\r\nPlease confirm your agreement.\r\n\r\n \r\n\r\nThanks and regards\r\n\r\n \r\n\r\n \r\n\r\nClient E\r\n\r\nxxx and xxxx xxxxxx xxxxxxx\r\n\r\n \r\n\r\nxxxxxxxxxx xxxxxxxxxxxxx xxxxxxx x.x.x\r\n\r\n \r\n\r\n","from":"gm22891@imceu.eu.ssmb.com Mcclafferty, Gary [ICG-IT]","to":"Mcclafferty, Gary [ICG-IT] <gm22891@imceu.eu.ssmb.com>","attachments":[]}