{"subject":"Fund B vs. CGML : Margin Notice","content":" \r\n\r\nDear  all,\r\n\r\n\t\t\t\t\t\t\t\t\r\n\t\t\t\t\t\t\t\t\r\nPursuant to the agreement between you and Fund B we hereby give a notice of following margin call requirements ; \r\n\r\n\t\r\n\t\t\t\t\t\t\t\t\r\nMARGIN CALL SUMMARY \r\n\r\n\t \r\n\r\n\t \r\n\r\n\t\t\t\t\t\t\r\nClose of Business of\r\n\r\n\t9.11.2018\r\n\r\n\t\t\t\t\t\t\r\nAll figures are from Fund B perspective\r\n\r\n\t\t\t\t\r\n\t\t\t\t\t\t\t\t\r\nMTM Exposure                                   \r\n\r\n\t-5.143.741,83\r\n\r\n\tUSD\r\n\r\n\t\t\t\t\t\r\nThreshold                                           \r\n\r\n\t0,00\r\n\r\n\tUSD\r\n\r\n\t\t\t\t\t\r\nCollateral Balance                            \r\n\r\n\t-5.607.612,00\r\n\r\n\tEUR\r\n\r\n\t\t\t\t\t\r\nNet Margin Call Requirement          \r\n\r\n\t1.210.000,00\r\n\r\n\tUSD\r\n\r\n\t\t\t\t\t\r\n\t\t\t\t\t\t\t\t\r\nFund B is due to receive USD 1,210,000  \r\n\r\n\t\t\t\t\t\t\t\r\nPlease confirm our margin call requirement and advise the settlement date.\r\n\r\n\t\t\t\t\t\t\r\n\t\t\t\t\t\t\t\t\r\n\r\n \r\n\r\nRegards,\r\n\r\n \r\n\r\nxxxx xxxxx\r\n\r\nxxxxxxxx@xxxxxx.xxx\r\n\r\n+11 111 111 11 11 \r\n\r\n \r\n\r\n \r\n\r\n","from":"gm22891@imceu.eu.ssmb.com Mcclafferty, Gary [ICG-IT]","to":"Mcclafferty, Gary [ICG-IT] <gm22891@imceu.eu.ssmb.com>","attachments":[]}