{"subject":"Margin Call Fund T vs Citi 12-11-2018","content":" \r\n\r\nTo:\r\nAttn:\r\nE-mail:\r\n\r\nFrom:\r\nAttn:\r\nE-mail:\r\n\r\n\tCiti Group\r\nCollateral Department\r\nxxxxxxxxx@xx.xxx <mailto:xxxxxxxxx@xx.xxx> \r\n  \r\nFund T\r\nX Xxxxxxxxx\r\nxxx.xxxxxxxxxxxxxx@xxx.xx <mailto:xxx.xxxxxxxxxxxxxx@xxx.xx> \r\nx xxxx\r\nxxxx.xxx.xxx@xxx.xx <mailto:xxxx.xxx.xxx@xxx.xx> \r\n\r\n\t\r\n \r\n\r\n\t \r\n\r\n\t \r\n\r\n\t \r\n\r\n\t \r\n\r\n\t\r\nDatum: 12-11-2018\r\n\r\n\t \r\n\r\n\t \r\n\r\n\t \r\n\r\n\t\r\n \r\n\r\n\t \r\n\r\n\t \r\n\r\n\t \r\n\r\n\t\r\nTodays's date: 12-11-2018\r\n\r\n\t \r\n\r\n\t \r\n\r\n\t \r\n\r\n\t\r\nValuation as of close: 09-11-2018\r\n\r\n\t \r\n\r\n\t \r\n\r\n\t \r\n\r\n\t\r\n \r\n\r\n\t \r\n\r\n\t \r\n\r\n\t \r\n\r\n\t\r\nMarket exposure (EUR)\r\n\r\n\t \r\n\r\n\t \r\n\r\n\t \r\n\r\n\t\r\n \r\n\r\n\t \r\n\r\n\t \r\n\r\n\t \r\n\r\n\t \r\n\r\n\t\r\nCALL MONEY\r\n\r\n\t \r\n\r\n\t \r\n\r\n\t \r\n\r\n\t\r\nProduct A\r\n\r\n\t1.615.901,81\r\n\r\n\t \r\n\r\n\t \r\n\r\n\t\r\nProduct A\r\n\r\n\t180.040.475,18\r\n\r\n\t \r\n\r\n\t \r\n\r\n\t\r\nProduct A\r\n\r\n\t38.017.810,75\r\n\r\n\t \r\n\r\n\t \r\n\r\n\t\r\nProduct A\r\n\r\n\t834.934,91\r\n\r\n\t \r\n\r\n\t \r\n\r\n\t\r\nTotal Exposure\r\n\r\n\t220.509.122,65\r\n\r\n\t \r\n\r\n\t \r\n\r\n\t\r\n \r\n\r\n\t \r\n\r\n\t \r\n\r\n\t \r\n\r\n\t\r\n\t0,00\r\n\r\n\t \r\n\r\n\t \r\n\r\n\t\r\nMargin Required\r\n\r\n\t220.509.122,65\r\n\r\n\t \r\n\r\n\t \r\n\r\n\t\r\nCollateral Value (EUR)\r\n\r\n\t220.509.122,65\r\n\r\n\t \r\n\r\n\t \r\n\r\n\t\r\n \r\n\r\n\t \r\n\r\n\t \r\n\r\n\t \r\n\r\n\t\r\n\t \r\n\r\n\t \r\n\r\n\t \r\n\r\n\t\r\nMinimum Payment Amount\r\n\r\n\t100.000,00\r\n\r\n\t \r\n\r\n\t \r\n\r\n\t\r\n \r\n\r\n\t \r\n\r\n\t \r\n\r\n\t \r\n\r\n\t\r\nCollateral Required\r\n\r\n\t220.509.122,65\r\n\r\n\t \r\n\r\n\t \r\n\r\n\t\r\nCurrent Collateral\r\n\r\n\t-220.014.791,71\r\n\r\n\t \r\n\r\n\t \r\n\r\n\t\r\nPayment Amount (EUR)\r\n\r\n\t494.330,94\r\n\r\n\t \r\n\r\n\t \r\n\r\n\t\r\n \r\n\r\n\t \r\n\r\n\t \r\n\r\n\t \r\n\r\n\t \r\n\r\n\t\r\nSettlement information\r\n\r\n\r\n\r\n\t \r\n\r\n\t\r\n\r\n \r\n\r\n","from":"gm22891@imceu.eu.ssmb.com Mcclafferty, Gary [ICG-IT]","to":"Mcclafferty, Gary [ICG-IT] <gm22891@imceu.eu.ssmb.com>","attachments":[]}