{"subject":"MC from PLC K to CITIBKLDN","content":"Dear All,   \r\n\r\nToday we see to receive USD 4 460 000  v/d 13.11. \r\n\r\nPlease check and confirm the movement. \r\nThanks! \r\n\r\n MTM \r\n\r\n\t Fund \r\n\r\n\t MC \r\n\r\n\t MC rounded \r\n\r\n\t\r\n4 726 424.4\r\n\r\n\t270 000.00\r\n\r\n\t4 456 424.00\r\n\r\n\t4 460 000.00\r\n\r\n\t\r\n\r\n\r\n\r\nBest regards, \r\nxxxxxx xxxxxx\r\nPLC K\r\n\r\nxxxxxxxxx xxxxxxxxx xxxx\r\n11 xxxx. xxxxxxx xxxxxxx | xxxxx 111111, xx | PLC K\r\n\r\n\r\n \r\n\r\n","from":"gm22891@imceu.eu.ssmb.com Mcclafferty, Gary [ICG-IT]","to":"Mcclafferty, Gary [ICG-IT] <gm22891@imceu.eu.ssmb.com>","attachments":[]}