{"subject":"RE: 147258 - [Type B] Bank C vs. CGML : Portfolio Statement, Margin Notice","content":"Hi, \r\n\r\nOngoing dispute, we await citi response to move the trade to the correct agreement. \r\n\r\nMany thanks, \r\n\r\n\r\nxxxxxx xxxxxx\r\nxxxxxxx xxxxxxx - xxxxx\r\nXXX Xxxxxxx\r\nTelephone: +11 111 111 1111\r\n\r\nYour feedback is important to us. If you'd like to provide your feedback, please click on the client feedback button below.\r\n\r\n\r\n\r\n-----Original Message-----\r\nFrom: *xx xx xxxxxxxx <xxxxxxxxx@xxxx.xxx>\r\nSent: 09 November 2018 08:53\r\nTo: xxxxxxx@xxxxxxxx.xxx\r\nCc: xxxxxxxxx@xxxx.xxx\r\nSubject: 147258 - [Type B] Bank C vs. CGML : Portfolio Statement, Margin Notice\r\n\r\n\r\n","from":"gm22891@imceu.eu.ssmb.com Mcclafferty, Gary [ICG-IT]","to":"Mcclafferty, Gary [ICG-IT] <gm22891@imceu.eu.ssmb.com>","attachments":[]}