{"subject":"RE: 123456- Client B Vs. CBNA","content":"Hello Team,\r\n\r\n \r\n\r\nPlease set up to receive USD 408,700 VD 11-13-2018.\r\n\r\n \r\n\r\nXXXX XXXXX Team Leader | | XX Xxxxxxxxxxxx Management\r\n\r\n000 xxxxxx xxxxxx, xxxx xxxx, xxxxx 111 111  \r\n\r\nDirect Line : +000000000 | Mobile : +000000000000 |email: xxx.xxxx@xxxxxx.xxx|\r\n\r\nX X Xxxxxxxxxxxxx Xxxxx XXXX\r\n\r\n \r\n\r\n \r\n\r\nEscalation – xxxx xxxx xxxx : +111111111; |e-mail : xxx.x.xxxxxx@xxxxxx.xxx <mailto:rauf.s.shaik@jpmorgan.com> \r\n\r\n \r\n\r\n \r\n\r\n \r\n\r\n \r\n\r\nFrom: XXXXXXX@XXXX.xxx [mailto: XXXXXXX@XXXX.xxx]\r\nSent: Monday, November 12, 2018 9:14 AM\r\nTo: XXXXX Xxxxxxxx <xxxxx.xxxxxx@xxxxxxx.xxx>\r\nCc: XXXXXXX@XXXX.xxx\r\nSubject: 123456 – Client B Vs. CBNA\r\n\r\n \r\n\r\n \r\n\r\n\r\n\r\nPlease advise on attached margin call.\r\n\r\n \r\n\r\n\r\nThanks & Regards,\r\nXXXXX XXXXX\r\nCBNA\r\nXXXXXXX@XXXX.xxx\r\n\r\nGroup Email: XXXXXXX@XXXX.xxx\r\nGroup Tel#: +11-11-1111-1111\r\n\r\n\r\n\r\n\r\n","from":"gm22891@imceu.eu.ssmb.com Mcclafferty, Gary [ICG-IT]","to":"Mcclafferty, Gary [ICG-IT] <gm22891@imceu.eu.ssmb.com>","attachments":[]}