{"subject":"RE: 444555 - [Type B] Company D vs. CGML : Margin Notice, Portfolio Statement","content":"Hi team,\r\n\r\n \r\n\r\nWe partially agree and deliver:\r\n\r\n \r\n\r\nDE0001102358  \r\n\r\n423.000               \r\n\r\n12-11-2018         \r\n\r\n12-11-2018\r\n\r\n \r\n\r\nmtm -1.969.095\r\n\r\n \r\n\r\n \r\n\r\nKind regards,\r\n\r\n \r\n\r\nXxxxxxx  xxxxxxxx xxxxxxx | xxxxxx \r\n\r\nXxxx  xxxxx \r\n\r\nxxxxxxx xxxxxxx xxxxxxxxxxx\r\n\r\n \r\n\r\nxxxxxxxxxx 1 | 1111 xx xxxx \r\n\r\nxxxxxx 111 | 1111 xx xxxx\r\n\r\nT 11111111111\r\n\r\nE xxxxxxxxxxxxx.xxxxxxx@xxxxxx.xx\r\n\r\n \r\n\r\n","from":"gm22891@imceu.eu.ssmb.com Mcclafferty, Gary [ICG-IT]","to":"Mcclafferty, Gary [ICG-IT] <gm22891@imceu.eu.ssmb.com>","attachments":[]}