{"subject":"RE: 222222-Bank D Vs. CGML","content":"Fully agree to Deliver EUR 130k value today\r\n\r\n \r\n\r\nRegards,\r\n\r\n \r\n\r\n \r\n\r\n \r\n\r\nxxxxx xxxx\r\n\r\nxxxxxxxxxxxx xxxxxxxx\r\n\r\nxxxxxxxx xxxxxxxxx\r\n\r\n \r\n\r\n \r\n\r\n \r\n\r\n \r\n\r\nxxxxxxxx xxxxx xxxxxxx xxx\r\n\r\nxxxxxx xxxxx\r\n\r\nxxxxxx xxxx\r\n\r\nxxxxxx\r\n\r\nxxx xxx\r\n\r\nDL: +11 (0)1111 1111111\r\n\r\n \r\n\r\n \r\n\r\n \r\n\r\nFrom: XXXXXXX@XXXX.xxx  <XXXXXXX@XXXX.xxx>\r\nSent: 09 November 2018 09:34\r\nTo: otcmargining@citi.com; xxx_xxxx_xxxxxxxx <xxx_xxxx_xxxxxxx@xxxxxxxxxxxx.xxx>\r\nCc: XXXXXXX@XXXX.xxx\r\nSubject: 222222-Bank D Vs. CGML\r\n\r\n \r\n\r\n \r\n\r\n\r\n\r\nPlease advise on attached margin call.\r\n\r\nThanks & Regards,\r\nxxxxxx xxxxxx\r\nCGML\r\nxxxxx.xxxxxx@xxxx.xxx\r\n\r\nGroup Email: xxxxxxx@xxxx.xxx\r\nGroup Tel#: +1111111111\r\n\r\n\r\n\r\n\r\n","from":"gm22891@imceu.eu.ssmb.com Mcclafferty, Gary [ICG-IT]","to":"Mcclafferty, Gary [ICG-IT] <gm22891@imceu.eu.ssmb.com>","attachments":[]}