{"subject":"RE: 789456 - [Type A] Bank A vs. CBNA : Portfolio Statement, Margin Notice","content":"Hi \r\n\r\nAgreed. Please return 4,314,532 EUR for value today.\r\n\r\nThanks \r\n\r\n\t\r\nxxxxx​\r\n\r\n\t \r\n\r\n\txxxxxxx\r\n\r\n\t\r\nxxxxx xxxxx xxxxx\r\n\r\n\t\r\nBank A\r\n\r\n\t\r\n \r\n\r\n\t\r\nT +11 111 111 1111 <tel:+44%20203%20100%201096> \r\n\r\n\t\r\nF +11 111 111 1111 <tel:+44%20203%20100%201096> \r\n\r\n\t\r\n\t\r\n\r\n-----Original Message-----\r\nFrom: *xx xx xxxxxxxxx <xxxxxxxxx@xxxx.xxx> \r\nSent: 09 November 2018 08:54\r\nTo: xxxxxxxx <xxxxxxx@xxxxxxxxx.xxx>; xxxxxx <xxxxx@xxxxxx.xxxx>\r\n\r\n \r\n\r\n\r\nCc: xxxxxxx.xxxxx@xxxx.xxxx <mailto:xxxxxxx.xxxxx@xxxx.com> \r\nSubject: 789456 - [Type A] Bank A vs. CBNA : Portfolio Statement, Margin Notice\r\n\r\n\r\n\r\n\r\n","from":"gm22891@imceu.eu.ssmb.com Mcclafferty, Gary [ICG-IT]","to":"Mcclafferty, Gary [ICG-IT] <gm22891@imceu.eu.ssmb.com>","attachments":[]}