{"subject":"555999 - Company A  Vs. CGML","content":"Hello,\r\n\r\n \r\n\r\nFor value today please make payment of €530k to us.\r\n\r\n \r\n\r\nKind regards,\r\n\r\n \r\n\r\nXxxx Xxxxxx\r\n\r\nXxxxxxx Xxxxxxx\r\n\r\n111 xxxxxxx xxxxxxx xxxxx \r\n\r\nxxxxxxx xxxx xxxx \r\n\r\nxxxx.xxxxxx@xxxxxxx.xxxx <mailto:Mark.Elliott@alcentra.com> \r\n\r\n \r\n\r\nFrom: xxxxxxxxxx@xxxx.xxx [mailto:xxxxxxxxx@xxxx.xxx] \r\nSent: 12 November 2018 09:31\r\nTo: xxxxxxxxx@xxxx.xxx\r\nCc: xxxxx.xxxxx@xxxx.xxx\r\nSubject: 555999 - Company A  Vs. CGML\r\n\r\n \r\n\r\n \r\n\r\n\r\n\r\nPlease find attached portfolio statement as of 09-Nov-18\r\n\r\nRegards,\r\nCGML\r\n\r\nGroup Email: xxxxxxxxx@xxxx.xxx\r\nGroup Tel#: +11-11-1111-1111\r\n\r\n\r\n\r\n","from":"gm22891@imceu.eu.ssmb.com Mcclafferty, Gary [ICG-IT]","to":"Mcclafferty, Gary [ICG-IT] <gm22891@imceu.eu.ssmb.com>","attachments":[]}