{"subject":"Margin Call Response from PLC A to CITIBANK N.A.","content":" \r\n\r\n\t\r\n\r\nDear Sir/Madam,\r\n\r\nIn response to your margin call, PLC A fully disagrees for valuation date November 09, 2018.\r\n\r\nOur MTM is USD 1,751,846.24\r\n\r\nOur Collateral Balance is USD 1,890,000.00\r\n\r\n\r\nBest regards,\r\n\r\nxxxxxxx-xxxxxx | xxxxxxxxxx xxxxxxxx \r\n\r\nPLC A \r\n\r\nPLC A Xxxxxxxxxxxxxx\r\n\r\nPhone. 111 11 111 1111 / 1111 / 1111    Fax. 111 11 111 111\r\n\r\nxxx xxxxxx xxxxx, xxxx 1 | 11 xxxx | 1111-1111 xxxxxx | xxx\r\n\r\nxxxxx.xxxxxxxx@xxxxxx.xxx <mailto:xxxxx.xxxxxxxx@xxxxxx.xxx> \r\n\r\n\r\n________________________________\r\n\r\n\r\n\r\n\t\r\n\r\n \r\n\r\nSent from the Outsystems Workflow Platform\r\n\r\n \r\n\r\n","from":"gm22891@imceu.eu.ssmb.com Mcclafferty, Gary [ICG-IT]","to":"Mcclafferty, Gary [ICG-IT] <gm22891@imceu.eu.ssmb.com>","attachments":[]}