{"subject":"Margin Call Notice Cash Collateral Client A","content":" \r\n\r\nMargin Call Notice\r\n\r\nPursuant to the agreement between Client A and\r\n\r\nCITIGROUP GLOBAL MARKETS LTD\r\n\r\nWe hereby give notice of the following Collateral Movement as of Close of Business 11/12/2018.\r\n\r\n \r\n\r\n \r\n\r\nNet Margin Details (all figures in EUR)\r\n\r\n \r\n\r\nExposure:                                          7,914,265         \r\n\r\nIndependent Amount(s)                                                \r\n\r\nInitial Margin Amount(s)                                             \r\n\r\nThreshold:                                         0                 \r\n\r\n \r\n\r\nCredit Support amount                              -7,914,265          \r\n\r\nCollateral Held/(Pledged) in cash:                 -1,000,000\r\n\r\nCollateral Held/(Pledged) in Securities:                             \r\n\r\n \r\n\r\nReturn/Deliver Amount to Client A                                     8,914,265         \r\n\r\nMinimum transfer amount:                           250,000\r\n\r\nRounding amount:                                   10,000\r\n\r\n                                                                                                                                         \r\n\r\nTotal Market Value of Collateral required pursuant to this notice :  8,920,000                  \r\n\r\n \r\n\r\nPlease contact us to confirm your agreement to the amount of the collateral Movement and advise Settlement Details.\r\n\r\n \r\n\r\nClient A Standard Settlement  Instructions\r\n\r\nCurrency: EUR\r\n\r\n \r\n\r\n \r\n\r\nKind Regards,\r\n\r\n \r\n\r\nXXXXXX XXXXXX\r\n\r\nXXXX-XXXXXX (XX) \r\n\r\n \r\n\r\nXXX, XXXX-XXXXXX (XX) \r\n\r\n\tT    +123456789\r\n\r\n\t\t\r\nXxxxxxx 1234 \r\n\r\n\tM    \r\n\r\n\t \r\n\r\n\t\r\n1234 XX  Xxxxxxx\r\n\r\n\tE    xxx.xxxx@xxxxxxxx.xx <mailto:xxx.xxxx@xxxxxxxx.xx> \r\n\r\n\t\r\n \r\n\r\n \r\n\r\n\t\r\n\r\n \r\n\r\n \r\n\r\n \r\n\r\n","from":"gm22891@imceu.eu.ssmb.com Mcclafferty, Gary [ICG-IT]","to":"Mcclafferty, Gary [ICG-IT] <gm22891@imceu.eu.ssmb.com>","attachments":[]}