{"subject":"RE: 741852-Client C Vs. CGML","content":"Dear all,\r\n\r\n \r\n\r\nWe dispute your call as your call past the deadline!\r\n\r\n \r\n\r\n \r\n\r\nMet vriendelijke groet/Kind regards,\r\n\r\nxxxxxx xxxxxxxxxx Management | Operations \r\n\r\nxxxxxxxxx xxxxxxxxxxxxxxxxx\r\n\r\nXxxxxxxx Xxxxxxxxxxx \r\n\r\n                \r\n\r\nXxxxxxxx 1 | 1111 xx xxxxx \r\n\r\nXxxxxx 111 I 111 Xxxxx \r\n\r\nT +11 (0)11 11 11 1111 \r\n\r\n \r\n\r\n \r\n\r\nVan: XXXXXXX@XXXX.xxx  <XXXXXXX@XXXX.xxx> \r\nVerzonden: maandag 12 november 2018 15:15\r\nAan: XXXXXXX@XXXX.xxx; xx.xxx.xxx.xxxxxxxxxxxxxxx <xxxxxxxxx.xxxxxxxx@xxxxxx.xx>\r\nCC: XXXXXXX@XXXX.xxx\r\nOnderwerp: 741852-Client C Vs. CGML\r\n\r\n \r\n\r\n \r\n\r\n\r\n\r\nPlease advise on attached margin call.\r\n\r\nThanks & Regards,\r\nXXXXX XXXXX\r\nCGML\r\nXXXXXXX@XXXX.xxx\r\n\r\nGroup Email: XXXXXXX@XXXX.xxx\r\nGroup Tel#: +11-11-1111-1111\r\n\r\n\r\n\r\n","from":"gm22891@imceu.eu.ssmb.com Mcclafferty, Gary [ICG-IT]","to":"Mcclafferty, Gary [ICG-IT] <gm22891@imceu.eu.ssmb.com>","attachments":[]}