{"subject":"RE: 321654-Fund A Vs. CGML","content":"Hi,\r\n\r\n \r\n\r\nwe fully dispute.\r\n\r\nOur MTM 371.864,66 Collateral Balance 430.000\r\n\r\nTherefore no move.\r\n\r\n\r\nThanks and regards\r\n\r\nXxxxx\r\n\r\n \r\n\r\n \r\n\r\n\r\nxxxxx xxxx\r\n\r\n \r\n\r\nxxxxxx xxxxx xxxxxxx\r\n \r\nTelefon +111 11111-111\r\nTelefax +111 11111-111\r\nxxxx.xxxxx@xxxxxx.xxx\r\nwww.xxxxxxx.com\r\n \r\n\r\nxxxxxxxx xxxxx xxxxxxx – xxxxx xxxxxx\r\n\r\n \r\n\r\nVon: XXXXXXX@XXXX.xxx [mailto: XXXXXXX@XXXX.xxx]\r\nGesendet:, 9. November 2018 17:10\r\nAn: xxxxxxxxxxx@xxxx.xxx; xxxxxxxx; xxxxxxxxxx.xxxxxxxxxxxxx@xxx.xxx\r\nCc: XXXXXXX@XXXX.xxx\r\nBetreff: 321654-Fund A Vs. CGML\r\n\r\n \r\n\r\n \r\n\r\n\r\n\r\nPlease advise on attached margin call.\r\n\r\nThanks & Regards,\r\nxxxxxx xxxxxx\r\nCGML\r\nxxxxx.xxxxxx@xxxx.xxx\r\n\r\nGroup Email: xxxxxxx@xxxx.xxx\r\nGroup Tel#: +1111111111\r\n\r\n","from":"gm22891@imceu.eu.ssmb.com Mcclafferty, Gary [ICG-IT]","to":"Mcclafferty, Gary [ICG-IT] <gm22891@imceu.eu.ssmb.com>","attachments":[]}