{"subject":"Client JHK - Margin Call Notice Citigroup.xlsx","content":"Dear all, \r\n \r\nplease confirm your agreement with the attached Margin Call report at your earliest convenience.\r\n\r\nKind Regards\r\n\r\nCollateral Management Team\r\n\r\n\r\n\r\n\r\nXxxx Xxxxxxx\r\n\r\nClient JHK\r\nXX Xxxxxxxxxxxxx\r\nXxxxxxxxxxx\r\n\r\n\r\nTel +11 111111111\r\nFax +11 111111111\r\ne-mail luca.battini@sgsbp.it <mailto:luca.battini@sgsbp.it> \r\n\r\n\r\n\r\n","from":"gm22891@imceu.eu.ssmb.com Mcclafferty, Gary [ICG-IT]","attachments":[{"filename":"/Users/jorge.rios/eclipse-workspace/citymails/docs/Client JHK.pdf","textcontent":" \nClient JHK \n \nSeptember 18, 2018 \n \nClient JHK \nXXXX XXXXXXXXX \nSettlement Derivatives \nCollateral Dept. OTC Derivatives \nvia XXXXXXXXX 11 - 11111 Xxxxx Xxxxx \nCollateral Hotline +11 111 11 11111 \nEmail: xxxxxxxx@xxxxx.xx \n \n \nTo: CITIGROUP GLOBAL MARKETS LIMITED \nFor the Attention: Collateral Management \nPhone: +1 111 111 1111 \nEmail: xxxxxxxxx@xxxx.xxx \n  \nMARGIN CALL NOTICE \nThis letter is to serve as a formal notification that Client JHK is making a margin call. Please advise by return email \nyour agreement including details of the collateral to be moved. If you have any questions, please contact the \nCollateral Department whose details are on the right top of this page. \n \nReference CCY: \n \nEUR \nMTM value: -25.535.895,00 \nThreshold: 0,00 \nTotal requirement: -25.535.895,00 \nValue of the collateral held: -27.760.000,00 \nCollateral in transit: 800.000,00 \nTotal collateral: -26.960.000,00 \nNet excess / deficit: 1.424.105,00 \nMTA: 250.000,00 \nRounding: 10.000,00 \n \nCall requirement: \n \n1.420.000,00 \nPlease confirm your delivery of equivalent eligible \ncollateral for Value Date: \n18-Sep-18 \nOur Standard Settlement Instructions are as follows: \nCollateral type:  CASH EUR \n   \n \n"}]}