{"subject":"Margin Call Notice from (Client GEF - CITIGROUP GLOBAL MARKETS EUROPE ) COB date: 14-Sep-2018","content":" \r\n\r\nDear Sir / Madam,\r\n\r\nPlease find attached your margin call notice.\r\n\r\nPlease contact our office to confirm your agreement to the amount of the collateral movement and confirm settlement details.\r\n\r\n\r\nClient GEF \r\n\r\n\r\n\r\n\r\n\r\n\r\nDisclaimer: This report is confidential, unauthorised use is forbidden. Please destroy if you are not the addressee.\r\n\r\n","from":"gm22891@imceu.eu.ssmb.com Mcclafferty, Gary [ICG-IT]","attachments":[{"filename":"/Users/jorge.rios/eclipse-workspace/citymails/docs/Client GEF.pdf","textcontent":"Client GEF OTC MTM Statement based on Close Of Business 14-Sep-2018 \n \n \n \nTo : CITIGROUP GLOBAL MARKETS EUROPE  \nContact Name : xxxxxxxxx@xxxx.xxx \n \nFrom : Client GEF  \nContact Name : xxxxxxxxx@xxxx.xxx \n \n \n \nSummary \nMTM Value 661,910 \nIndependent Amount 590,494 \nPortfolio Initial Margin 0 \n---------------- \nNet Amount 1,252,404 \nThreshold 0 \n---------------- \nNet Credit Support Amount \nRequired \n1,252,404 \nNet Collateral Balance (1,744,000) \n---------------- \n(491,596) \nMinimum Transfer 100,000 \nRounding 10,000 \n================= \nMargin Call Pay/(Receive) (490,000) \nReporting Currency EUR \nMargin Due Date 17-Sep-2018 \n \nPlease contact our office to confirm your agreement to the amount of the collateral \nmovement and confirm settlement details. \n \nThis report is confidential, unauthorised use is forbidden. Please destroy if you are \nnot the addressee. \n \n"}]}