{"subject":"Notification of Margin Call","content":" Hi team,\r\n\r\n \r\n\r\nPlease find attached our margin return request.\r\n\r\n \r\n\r\nRegards\r\n\r\nXxxxx Xxxxxx\r\nMiddle Office\r\n\r\nClient OPQ\r\n\r\n \r\n\r\n \r\n\r\n","from":"gm22891@imceu.eu.ssmb.com Mcclafferty, Gary [ICG-IT]","attachments":[{"filename":"/Users/jorge.rios/eclipse-workspace/citimails/docs/Client OPQ.pdf","textcontent":" \n \nNotification of Margin Call \nDate, 18/09/2018 \nTo: CITIGROUP GLOBAL MARKET LTD \n \nFrom: Client OPQ \n \nPursuant to the agreement between CITIGROUP GLOBAL MARKET LTD and Client OPQ we hereby give notice \nof the following Collateral Movement as of Close of Business 17/09/2018 \n \n \nNet Margin Details \n. \nExposure EUR -6,860,673.34  \nIndipendent Amount(s) EUR  -    \nCredit Support Amount EUR -6,860,673.34  \nAfter Haircut Value of Collateral Held/(Pledged) EUR -7,116,000.00  \nMargin Call EUR  255,326.66  \n   \nMinimum Transfer Amount EUR  250,000.00  \nReturn Rounding Amount EUR  10,000.00  \n   \nMarket Value of Margin Collateral required by Client OPQ EUR 250,000.00   \npersuant this notice   \n \n \nPursuant the ISDA Agreement between CITIGROUP GLOBAL MARKET LTD and Client OPQ CITIGROUP \nGLOBAL MARKET LTD is appointed as Calculation Agent. Please check valuations and advise if different \n \n \nPlease contact our office to confirm your agreement to the amount of the Collateral Movement and advise \nsettlement \n \n \nThanks in advance for your cooperation and regards. \nClient OPQ \n \n"}]}